City_ID,City,Lat,Lng,Max Temp,Humidity,Cloudiness,Wind Speed,Country,Date
0,blackmans bay,-43.0167,147.3167,58.73,88,90,1.01,AU,1715224409
1,sitka,57.0531,-135.33,46.29,81,100,8.05,US,1715224409
2,barra,-11.0894,-43.1417,73.13,75,0,2.77,BR,1715224409
3,tual,-5.6667,132.75,83.14,76,52,15.68,ID,1715224410
4,manokwari,-0.8667,134.0833,80.92,85,97,1.57,ID,1715224410
5,adiake,5.2863,-3.304,80.33,88,100,4.14,CI,1715224410
6,invercargill,-46.4,168.35,50.02,67,33,8.01,NZ,1715224410
7,edinburgh of the seven seas,-37.0676,-12.3116,57.96,64,100,26.08,SH,1715224410
8,st. john's,47.5649,-52.7093,41.94,94,61,4.0,CA,1715224168
9,sechura,-5.5569,-80.8222,70.99,72,91,12.37,PE,1715224410
10,labytnangi,66.6572,66.4183,21.38,91,100,22.24,RU,1715224410
11,langxiang,46.95,128.8833,61.23,15,0,11.12,CN,1715224411
12,wailua homesteads,22.0669,-159.378,82.83,85,100,4.61,US,1715224411
13,talnakh,69.4865,88.3972,23.18,77,42,0.83,RU,1715224411
14,grytviken,-54.2811,-36.5092,25.41,72,12,7.63,GS,1715224411
15,san patricio,28.017,-97.5169,81.84,88,92,11.23,US,1715224177
16,newman,37.3138,-121.0208,73.63,36,0,8.99,US,1715224411
17,georgetown,5.4112,100.3354,91.33,70,20,3.44,MY,1715224411
18,port saint john's,-31.6229,29.5448,65.89,87,0,4.45,ZA,1715224412
19,lorengau,-2.0226,147.2712,83.39,82,98,9.19,PG,1715224412
20,niwai,26.35,75.9167,91.45,30,0,5.66,IN,1715224412
21,cangzhou,38.3167,116.8667,85.6,22,20,16.89,CN,1715224412
22,albany,42.6001,-73.9662,60.67,71,47,3.0,US,1715224246
23,ancud,-41.8697,-73.8203,49.57,83,98,12.93,CL,1715224413
24,bardai,11.65,7.2333,79.11,60,79,10.6,NG,1715224413
25,port-aux-francais,-49.35,70.2167,40.41,90,100,22.48,TF,1715224413
26,yellowknife,62.456,-114.3525,53.56,65,100,8.99,CA,1715224246
27,jamestown,42.097,-79.2353,55.04,82,0,8.05,US,1715224413
28,alofi,-19.0595,-169.9187,75.09,94,100,10.36,NU,1715224413
29,puerto natales,-51.7236,-72.4875,30.83,99,100,2.71,CL,1715224300
30,camiri,-20.05,-63.5167,66.45,85,96,5.12,BO,1715224413
31,vila velha,-20.3297,-40.2925,76.95,95,75,2.3,BR,1715224154
32,ushuaia,-54.8,-68.3,26.08,96,11,2.17,AR,1715224391
33,iqaluit,63.7506,-68.5145,30.2,83,96,7.83,CA,1715224147
34,renqiu,38.6989,116.0936,85.46,23,15,10.27,CN,1715224414
35,modimolle,-24.7,28.4,55.87,42,0,3.78,ZA,1715224414
36,hermanus,-34.4187,19.2345,55.9,80,0,2.71,ZA,1715224414
37,waitangi,-43.9535,-176.5597,52.83,82,100,5.99,NZ,1715224414
38,haiku-pauwela,20.9219,-156.3051,77.22,71,40,19.57,US,1715224415
39,kerben,40.2951,72.1863,70.3,25,39,3.24,KG,1715224415
40,lihue,21.9789,-159.3672,83.44,80,100,4.61,US,1715224415
41,port alfred,-33.5906,26.891,62.19,99,64,4.14,ZA,1715224415
42,ribeira grande,38.5167,-28.7,61.77,84,85,1.01,PT,1715224415
43,tiksi,71.6872,128.8694,27.48,84,79,5.82,RU,1715224415
44,port mathurin,-19.6833,63.4167,77.99,69,97,23.94,MU,1715224415
45,adamstown,-25.066,-130.1015,71.4,77,58,4.23,PN,1715224416
46,nova sintra,14.8667,-24.7167,75.38,76,16,20.38,CV,1715224416
47,ghadamis,30.1337,9.5007,62.31,61,97,7.47,LY,1715224416
48,susuman,62.7833,148.1667,35.98,68,56,1.01,RU,1715224416
49,tsiombe,-25.3,45.4833,66.11,87,0,4.81,MG,1715224416
50,qaqortoq,60.7167,-46.0333,33.24,86,100,4.25,GL,1715224416
51,hawaiian paradise park,19.5933,-154.9731,76.73,84,100,8.05,US,1715224416
52,timbuktu,16.7735,-3.0074,89.98,8,47,5.99,ML,1715224417
53,kill devil hills,36.0307,-75.676,80.6,80,0,8.05,US,1715224417
54,puerto quijarro,-17.7833,-57.7667,78.85,56,51,0.92,BO,1715224276
55,shchuchinsk,52.9333,70.2,61.43,57,100,17.45,KZ,1715224238
56,saipan,15.1355,145.701,88.5,70,40,17.27,MP,1715224417
57,preobrazheniye,42.9019,133.9064,59.76,56,100,9.98,RU,1715224417
58,avanigadda,16.0215,80.9181,90.95,56,98,9.66,IN,1715224417
59,faya-largeau,17.9257,19.1043,88.7,14,8,9.46,TD,1715224417
60,mejit,10.2753,170.8646,81.7,82,79,19.75,MH,1715224418
61,praia da vitoria,38.7333,-27.0667,59.76,91,100,10.85,PT,1715224418
62,marsh harbour,26.5412,-77.0636,75.94,75,0,12.15,BS,1715224418
63,tamandare,-8.7597,-35.1047,78.55,87,24,1.43,BR,1715224418
64,catumbela,-12.4314,13.5472,77.49,75,100,2.04,AO,1715224418
65,mount gambier,-37.8333,140.7667,67.59,38,15,3.6,AU,1715224418
66,bethel,41.3712,-73.414,70.02,64,0,5.75,US,1715224418
67,antonio enes,-16.2325,39.9086,74.79,77,0,8.25,MZ,1715224419
68,tazacorte,28.629,-17.9293,70.14,60,0,4.61,ES,1715224419
69,vilyuysk,63.7553,121.6247,25.0,95,100,8.99,RU,1715224419
70,fortuna,40.5982,-124.1573,56.35,85,0,8.05,US,1715224419
71,lompoc,34.6391,-120.4579,62.74,82,0,6.91,US,1715224199
72,thurso,58.5927,-3.5259,52.05,83,100,16.44,GB,1715224419
73,utrik,11.2278,169.8474,81.19,76,59,19.66,MH,1715224419
74,leava,-14.3,-178.1667,82.06,76,100,17.18,WF,1715224419
75,bilibino,68.0546,166.4372,35.35,77,29,1.72,RU,1715224419
76,isangel,-19.55,169.2667,75.33,55,8,15.03,VU,1715224420
77,west island,-12.1568,96.8225,82.38,74,40,14.97,CC,1715224420
78,ust-nera,64.5667,143.2,41.04,64,83,5.48,RU,1715224420
79,alice springs,-23.7,133.8833,72.95,43,0,12.66,AU,1715224420
80,geraldton,-28.7667,114.6,84.61,21,100,18.41,AU,1715224420
81,callao,-12.0667,-77.15,69.71,88,100,4.61,PE,1715224420
82,atafu village,-8.5421,-172.5159,85.69,70,100,7.47,TK,1715224420
83,san miguel panixtlahuaca,16.2484,-97.3843,71.35,59,44,2.68,MX,1715224420
84,margaret river,-33.95,115.0667,69.75,39,100,16.67,AU,1715224421
85,nabire,-3.3667,135.4833,87.13,63,53,5.35,ID,1715224421
86,stanley,54.868,-1.6985,51.28,92,0,4.61,GB,1715224421
87,ndende,-2.4008,11.3581,73.85,99,100,2.04,GA,1715224421
88,tura,25.5198,90.2201,86.13,41,8,2.71,IN,1715224421
89,sola,-13.8833,167.55,79.54,71,83,23.04,VU,1715224421
90,walvis bay,-22.9575,14.5053,59.09,82,99,9.37,NA,1715224393
91,severo-yeniseyskiy,60.3725,93.0408,34.57,98,100,10.0,RU,1715224421
92,mendoza,-32.8908,-68.8272,46.6,41,0,5.77,AR,1715224245
93,chonchi,-42.6128,-73.8092,47.41,93,98,3.2,CL,1715224422
94,selfoss,63.9331,-20.9971,36.68,74,18,4.45,IS,1715224422
95,hamilton,39.1834,-84.5333,73.35,83,0,5.75,US,1715224152
96,whitehorse,60.7161,-135.0538,50.31,38,92,20.0,CA,1715224422
97,acarau,-2.8856,-40.12,78.12,91,80,9.22,BR,1715224390
98,san pedro pochutla,15.7333,-96.4667,80.31,69,83,5.53,MX,1715224423
99,cidreira,-30.1811,-50.2056,68.85,88,81,11.14,BR,1715224233
100,san julian,21.0167,-102.1667,77.0,14,91,6.8,MX,1715224423
101,igarka,67.4667,86.5833,31.01,99,100,13.0,RU,1715224423
102,longyearbyen,78.2186,15.6401,33.64,64,20,16.11,SJ,1715224423
103,tamanrasset,22.785,5.5228,69.71,12,0,0.0,DZ,1715224423
104,nova vicosa,-17.8919,-39.3719,76.01,88,11,2.44,BR,1715224423
105,verkhnevilyuysk,63.4453,120.3167,28.87,75,100,9.69,RU,1715224423
106,luderitz,-26.6481,15.1594,59.05,78,0,14.43,NA,1715224424
107,olonkinbyen,70.9221,-8.7187,27.32,93,100,34.07,SJ,1715224424
108,port blair,11.6667,92.75,91.44,66,20,8.05,IN,1715224424
109,fuglafjordur,62.244,-6.814,41.47,79,100,13.87,FO,1715224424
110,mar del plata,-38.0023,-57.5575,50.09,72,71,8.01,AR,1715224211
111,petropavlovsk-kamchatsky,53.0452,158.6483,48.79,67,75,26.84,RU,1715224424
112,laguna,38.421,-121.4238,75.38,20,0,16.11,US,1715224425
113,dryden,49.7833,-92.7503,48.09,55,4,6.2,CA,1715224266
114,as samawah,31.332,45.2944,74.28,28,0,4.25,IQ,1715224425
115,semporna,4.4818,118.6112,87.8,64,39,4.03,MY,1715224355
116,avarua,-21.2078,-159.775,82.45,89,40,10.36,CK,1715224425
117,iskateley,67.6803,53.1512,23.02,88,100,15.99,RU,1715224425
118,yigo village,13.5361,144.8886,86.74,77,100,16.11,GU,1715224425
119,mogadishu,2.0371,45.3438,79.39,87,55,11.65,SO,1715224219
120,semdinli,37.3051,44.5742,41.04,74,0,4.68,TR,1715224426
121,corinto,37.9407,22.9573,62.24,87,100,2.1,GR,1715224426
122,paradip garh,20.3167,86.6167,88.14,63,2,10.49,IN,1715224426
123,papatowai,-46.5619,169.4708,47.25,57,25,9.46,NZ,1715224426
124,novofedorivka,46.1713,32.3178,49.73,57,99,12.37,UA,1715224426
125,ilinge,-31.9768,27.0427,49.75,88,15,2.59,ZA,1715224426
126,west end,26.6833,-78.9667,75.18,75,2,14.25,BS,1715224426
127,lagunillas,10.1301,-71.2595,81.52,87,71,8.05,VE,1715224426
128,klyuchi,52.2667,79.1667,64.92,45,30,10.65,RU,1715224427
129,sabang,5.8933,95.3214,84.24,74,53,5.84,ID,1715224427
130,ilulissat,69.2167,-51.1,24.82,74,100,4.61,GL,1715224427
131,novyy urengoy,66.0833,76.6333,17.08,94,93,6.8,RU,1715224427
132,naze,28.3667,129.4833,66.61,56,4,16.75,JP,1715224267
133,pacific grove,36.6177,-121.9166,66.2,64,0,3.0,US,1715224427
134,enewetak,11.3474,162.3373,81.77,74,46,18.45,MH,1715224427
135,nemuro,43.3236,145.575,38.5,75,65,8.88,JP,1715224427
136,cockburn town,21.4612,-71.1419,77.34,72,61,16.13,TC,1715224428
137,badger,64.8,-147.5333,57.45,37,75,10.36,US,1715224428
138,carutapera,-1.195,-46.02,77.16,92,93,3.4,BR,1715224428
139,cabo san lucas,22.8909,-109.9124,79.9,46,20,6.91,MX,1715224428
140,kapuskasing,49.4169,-82.4331,41.9,71,83,7.25,CA,1715224428
141,umba,66.6871,34.3429,23.45,87,14,10.78,RU,1715224428
142,okhotsk,59.3833,143.3,35.17,78,100,6.89,RU,1715224428
143,yuzhno-kurilsk,44.0306,145.8556,37.38,95,95,9.24,RU,1715224428
144,labrador city,52.9463,-66.9114,31.17,62,14,0.96,CA,1715224278
145,pasni,25.2631,63.471,81.81,76,0,7.23,PK,1715224429
146,chegdomyn,51.1167,133.0167,46.11,38,100,14.63,RU,1715224429
147,smithers,54.7804,-127.1743,48.78,65,79,5.73,CA,1715224429
148,nar'yan-mar,67.6713,53.087,23.11,88,100,15.99,RU,1715224429
149,burutu,5.3509,5.5076,80.74,87,100,4.25,NG,1715224429
150,lahaina,20.8783,-156.6825,79.0,81,21,6.73,US,1715224232
151,beyla,8.6833,-8.6333,70.7,97,100,3.42,GN,1715224429
152,isla mujeres,21.2311,-86.731,82.45,86,100,14.07,MX,1715224430
153,touros,-5.1989,-35.4608,77.99,91,34,7.0,BR,1715224226
154,piti village,13.4626,144.6933,88.3,81,75,16.11,GU,1715224430
155,the pas,53.8251,-101.2541,53.33,56,76,4.74,CA,1715224430
156,roma,43.2128,-75.4557,57.72,97,100,10.36,US,1715224312
157,choibalsan,48.0667,114.5,60.4,19,100,7.43,MN,1715224430
158,mil'kovo,55.6078,37.7956,30.97,83,24,13.06,RU,1715224431
159,zarghun shahr,32.8473,68.4457,66.76,31,28,0.31,AF,1715224431
160,saldanha,-33.0117,17.9442,56.64,83,0,9.73,ZA,1715224431
161,cloquet,46.7216,-92.4594,48.38,63,100,8.05,US,1715224391
162,bikenibeu village,1.3673,173.1241,83.98,74,53,10.6,KI,1715224431
163,mount isa,-20.7333,139.5,85.77,48,40,12.66,AU,1715224431
164,vorgashor,67.5833,63.95,20.8,85,100,17.4,RU,1715224431
165,puchezh,56.9788,43.1676,28.72,72,58,17.65,RU,1715224431
166,polva,58.0603,27.0694,30.13,52,96,5.23,EE,1715224431
167,portland,45.5234,-122.6762,65.08,47,20,11.5,US,1715224370
168,puerto aysen,-45.4,-72.7,39.24,100,100,2.42,CL,1715224432
169,holualoa,19.6228,-155.9522,76.84,78,0,9.22,US,1715224350
170,kodiak,57.79,-152.4072,38.71,65,100,9.22,US,1715224432
171,thompson,55.7435,-97.8558,48.72,54,100,5.39,CA,1715224432
172,richards bay,-28.783,32.0377,66.49,91,1,4.14,ZA,1715224432
173,mahina,-17.5065,-149.489,83.75,74,75,11.5,PF,1715224432
174,coquimbo,-29.9533,-71.3436,57.72,75,0,2.13,CL,1715224156
175,harper,4.375,-7.7169,80.13,87,77,4.65,LR,1715224433
176,egilsstadir,65.2653,-14.3948,37.36,74,66,7.0,IS,1715224306
177,yanykurgan,43.915,67.2481,74.89,40,53,8.99,KZ,1715224433
178,korla,41.7597,86.1469,76.71,26,37,22.35,CN,1715224433
179,puerto baquerizo moreno,-0.9,-89.6,73.33,88,100,9.26,EC,1715224207
180,college,64.8569,-147.8028,57.52,37,75,10.36,US,1715224236
181,port elizabeth,-33.918,25.5701,64.31,84,85,3.0,ZA,1715224433
182,lillers,50.5635,2.4804,48.4,94,14,2.82,FR,1715224433
183,luganville,-15.5333,167.1667,78.53,68,90,13.78,VU,1715224433
184,aykhal,66.0,111.5,21.92,78,87,14.56,RU,1715224434
185,pisco,-13.7,-76.2167,66.25,88,7,4.61,PE,1715224434
186,halifax,44.6453,-63.5724,48.47,87,100,3.0,CA,1715224434
187,nikolayevsk-on-amure,53.1406,140.73,58.21,39,100,8.01,RU,1715224434
188,dakhla,23.6848,-15.958,64.45,92,96,14.38,EH,1715224434
189,corinth,37.9407,22.9573,62.24,87,100,2.1,GR,1715224426
190,prince rupert,54.3161,-130.3201,49.53,83,96,3.09,CA,1715224434
191,benghazi,32.1167,20.0667,67.32,56,0,10.76,LY,1715224435
192,rongelap,11.1635,166.8941,80.87,75,78,19.62,MH,1715224435
193,crane,31.3974,-102.3501,80.96,14,0,6.35,US,1715224435
194,bredasdorp,-34.5322,20.0403,51.94,90,0,3.49,ZA,1715224435
195,ronne,55.1009,14.7066,40.91,93,64,0.0,DK,1715224435
196,santa ana de yacuma,-13.75,-65.4333,80.22,73,80,4.92,BO,1715224435
197,baise city,23.8997,106.6133,77.34,99,100,1.1,CN,1715224436
198,belo sur tsiribihina,-19.7,44.55,69.73,66,0,5.21,MG,1715224436
199,zakamensk,50.3741,103.2863,59.83,48,77,6.76,RU,1715224436
200,reggane,26.7158,0.1714,83.68,20,91,16.28,DZ,1715224436
201,polyarnyy,69.1989,33.4478,21.06,93,100,2.62,RU,1715224436
202,afaahiti,-17.75,-149.2833,82.06,83,77,18.81,PF,1715224436
203,lebu,-37.6167,-73.65,46.18,83,21,2.39,CL,1715224436
204,colotlan,22.1,-103.2667,80.55,23,66,4.63,MX,1715224436
205,luanda,-8.8368,13.2343,75.87,94,66,6.64,AO,1715224437
206,guaiba,-30.1139,-51.325,69.3,80,22,6.35,BR,1715224437
207,hotan,37.0997,79.9269,82.81,10,16,2.01,CN,1715224437
208,kavieng,-2.5744,150.7967,83.82,80,100,13.85,PG,1715224437
209,rumoi,43.9344,141.6428,47.89,68,64,6.93,JP,1715224437
210,conde,-7.2597,-34.9075,76.75,89,30,4.94,BR,1715224437
211,seydi,39.4816,62.9137,65.61,65,100,9.8,TM,1715224437
212,al jawf,29.5,38.75,66.76,18,2,13.33,SA,1715224437
213,puerto armuelles,8.2833,-82.8667,82.09,69,100,8.01,PA,1715224398
214,punta arenas,-53.15,-70.9167,39.31,81,75,6.91,CL,1715224438
215,puerto maldonado,-12.6,-69.1833,80.38,79,100,1.97,PE,1715224438
216,gebre guracha,9.8,38.4,58.59,74,78,3.69,ET,1715224438
217,cruzeiro do sul,-29.5128,-51.9853,68.52,82,19,5.03,BR,1715224438
218,fort st. john,56.2499,-120.8529,54.91,37,34,14.52,CA,1715224438
219,kayangel,8.0823,134.7173,83.79,73,38,8.86,PW,1715224438
220,suomussalmi,64.8869,28.9078,27.9,77,5,3.94,FI,1715224438
221,galliano,29.4422,-90.2992,81.0,83,100,12.66,US,1715224439
222,sinop,41.7711,34.8709,53.31,62,18,8.59,TR,1715224439
223,enid,36.3956,-97.8784,66.36,59,0,5.75,US,1715224178
224,anadyr,64.75,177.4833,23.5,67,20,17.9,RU,1715224439
225,saint-joseph,-21.3667,55.6167,73.78,76,34,16.04,RE,1715224439
226,qandala,11.472,49.8728,86.72,71,98,7.9,SO,1715224439
227,tolanaro,-25.0319,46.9987,73.6,76,77,12.44,MG,1715224439
228,qamdo,31.1667,97.2333,49.41,42,100,7.36,CN,1715224439
229,novaya igirma,57.1334,103.9112,40.87,85,100,11.16,RU,1715224440
230,nikko,36.75,139.6167,49.69,75,100,1.81,JP,1715224440
231,axim,4.8699,-2.2405,81.34,85,100,4.41,GH,1715224440
232,songyuan,45.1171,124.8568,67.41,20,7,7.43,CN,1715224440
233,kapa'a,22.0752,-159.319,84.18,84,100,4.61,US,1715224440
234,ta`u,-14.2336,-169.5144,84.51,77,98,14.85,AS,1715224440
235,puerto ayora,-0.7393,-90.3518,74.55,99,100,4.0,EC,1715224440
236,howrah,22.5892,88.3103,84.2,84,75,4.61,IN,1715224440
237,east london,-33.0153,27.9116,68.38,84,39,8.16,ZA,1715224441
238,labuan,5.2767,115.2417,82.53,77,20,5.1,MY,1715224441
239,emsburen,52.4,7.3,51.26,1,18,3.51,DE,1715224441
240,bayanhongor,46.7167,100.1167,52.0,33,37,7.02,MN,1715224441
241,murghob,38.1702,73.9667,35.26,41,0,2.77,TJ,1715224441
242,dakoro,14.5106,6.765,88.0,12,66,6.71,NE,1715224321
243,isafjordur,66.0755,-23.124,32.67,78,14,13.22,IS,1715224441
244,springfield,37.2153,-93.2982,65.26,95,0,3.44,US,1715224413
245,magadi,12.9667,77.2333,80.76,59,98,6.26,IN,1715224442
246,salinopolis,-0.6136,-47.3561,79.25,88,69,6.85,BR,1715224238
247,luena,-11.7833,19.9167,61.75,66,99,6.11,AO,1715224442
248,warrnambool,-38.3833,142.4833,62.47,62,100,5.46,AU,1715224442
249,plettenberg bay,-34.0527,23.3716,57.06,87,0,2.8,ZA,1715224442
250,tazovsky,67.4667,78.7,14.83,90,18,5.75,RU,1715224442
251,fale old settlement,-9.3852,-171.2468,84.02,76,51,5.59,TK,1715224442
252,amga,60.8953,131.9608,43.88,42,100,10.04,RU,1715224443
253,salvador,13.8333,-88.9167,78.04,87,100,3.71,SV,1715224443
254,brisas de zicatela,15.8369,-97.0419,80.55,70,21,7.81,MX,1715224443
255,el bolson,-41.9667,-71.5167,37.33,98,90,6.17,AR,1715224443
256,bubaque,11.2833,-15.8333,78.96,74,73,16.08,GW,1715224443
257,al burayqah,30.4062,19.5739,68.27,71,0,17.02,LY,1715224443
258,villa ocampo,-28.4875,-59.3551,53.28,66,0,12.06,AR,1715224443
259,homer,59.6425,-151.5483,42.67,61,75,11.5,US,1715224443
260,hithadhoo,-0.6,73.0833,84.22,77,95,13.29,MV,1715224443
261,zhezqazghan,47.7833,67.7667,63.18,77,75,8.95,KZ,1715224186
262,buka,40.8108,69.1986,80.46,34,72,4.59,UZ,1715224444
263,ruidoso,33.3317,-105.673,63.25,15,0,11.5,US,1715224444
264,priargunsk,50.3691,119.1012,61.72,17,99,5.61,RU,1715224444
265,ust'-ilimsk,58.0006,102.6619,37.44,95,100,14.0,RU,1715224414
266,sinabang,2.4803,96.3801,86.0,70,65,1.59,ID,1715224444
267,freeport,40.6576,-73.5832,77.36,50,0,8.05,US,1715224226
268,slupsk,54.4641,17.0287,37.45,65,52,5.03,PL,1715224445
269,gadzhiyevo,69.2551,33.3362,20.59,93,100,1.99,RU,1715224445
270,kununurra,-15.7667,128.7333,87.78,35,60,11.5,AU,1715224445
271,senador guiomard,-10.1522,-67.7392,76.75,91,52,2.77,BR,1715224445
272,sangmelima,2.9333,11.9833,67.57,99,100,1.25,CM,1715224445
273,kantharalak,14.6406,104.6499,94.96,63,33,10.42,TH,1715224445
274,troitsko-pechorsk,62.7084,56.1964,31.69,91,100,15.99,RU,1715224445
275,la'ie,21.6477,-157.9253,80.56,75,37,3.0,US,1715224445
276,syas'stroy,60.1367,32.5691,33.06,63,20,17.94,RU,1715224445
277,pop,40.8736,71.1089,79.29,23,20,9.71,UZ,1715224446
278,coahuayana de hidalgo,18.7,-103.6583,71.26,89,37,2.26,MX,1715224446
279,athens,37.9795,23.7162,67.32,51,20,4.61,GR,1715224236
280,aasiaat,68.7098,-52.8699,15.49,81,26,7.92,GL,1715224446
281,muang xay,20.7,101.9833,86.16,58,100,0.83,LA,1715224446
282,paita,-5.0892,-81.1144,69.06,79,95,10.69,PE,1715224446
283,westport,41.1415,-73.3579,75.0,53,0,13.8,US,1715224446
284,pitea,65.3172,21.4794,30.29,91,99,4.52,SE,1715224446
285,midvagur,62.0511,-7.1939,41.83,81,75,14.97,FO,1715224447
286,lushun,38.8,121.2667,71.82,69,15,9.28,CN,1715224447
287,yantarnyy,54.8717,19.9381,39.06,72,60,7.16,RU,1715224447
288,camana,-16.6228,-72.7111,67.46,83,99,8.37,PE,1715224214
289,dodge city,37.7528,-100.0171,57.69,37,0,8.05,US,1715224447
290,rumbek,6.802,29.6912,84.22,37,100,5.01,SS,1715224447
291,prince george,53.9166,-122.753,63.84,23,0,12.66,CA,1715224349
292,swan hill,-35.3378,143.5544,67.91,54,74,5.97,AU,1715224448
293,calheta,32.7167,-17.1833,67.71,59,53,3.0,PT,1715224448
294,tchintabaraden,15.8969,5.7985,89.11,14,19,8.28,NE,1715224448
295,mahdishahr,35.7108,53.3556,51.12,59,11,9.33,IR,1715224448
296,new norfolk,-42.7826,147.0587,59.92,74,63,2.15,AU,1715224448
297,port augusta,-32.5,137.7667,74.86,32,6,9.6,AU,1715224448
298,opuwo,-18.0607,13.84,71.47,47,73,1.97,NA,1715224448
299,lazaro cardenas,17.9583,-102.2,75.36,80,67,4.59,MX,1715224449
300,vorkuta,67.5,64.0,21.11,85,100,15.01,RU,1715224449
301,mahibadhoo,3.7833,72.9667,85.19,73,90,11.39,MV,1715224449
302,kenai,60.5544,-151.2583,37.49,93,100,17.27,US,1715224449
303,picui,-6.5106,-36.3469,70.39,95,17,9.46,BR,1715224449
304,prigrevica,45.6786,19.0867,57.16,80,97,6.96,RS,1715224449
305,al ghayzah,16.2079,52.176,85.17,72,98,1.61,YE,1715224272
306,nyeri,-0.4201,36.9476,57.87,98,92,2.77,KE,1715224449
307,saudarkrokur,65.7461,-19.6394,36.32,71,10,7.54,IS,1715224173
308,nuriootpa,-34.4833,139.0,70.77,36,86,9.01,AU,1715224376
309,gardnerville ranchos,38.8882,-119.7413,53.69,31,0,14.0,US,1715224450
310,arraial do cabo,-22.9661,-42.0278,75.27,89,5,18.72,BR,1715224165
311,cabedelo,-6.9811,-34.8339,79.79,84,27,7.07,BR,1715224402
312,mammoth lakes,37.6485,-118.9721,39.92,33,0,9.22,US,1715224450
313,kikwit,-5.041,18.8162,75.31,58,97,2.77,CD,1715224450
314,illizi,26.4833,8.4667,72.32,35,3,5.99,DZ,1715224451
315,usogorsk,63.4106,48.6872,27.66,92,100,12.84,RU,1715224451
316,chillicothe,39.3331,-82.9824,70.11,78,40,4.61,US,1715224451
317,chimbarongo,-34.7,-71.05,41.88,85,0,3.51,CL,1715224242
318,kadinhani,38.2397,32.2114,48.83,49,100,0.83,TR,1715224451
319,muang phonsavan,19.45,103.2167,73.94,81,45,3.44,LA,1715224451
320,glencoe,-28.1783,30.147,50.13,83,0,2.93,ZA,1715224451
321,san luis de la loma,17.2706,-100.8939,78.24,73,16,8.95,MX,1715224452
322,kourou,5.1552,-52.6478,78.85,89,59,7.92,GF,1715224452
323,majuro,7.0897,171.3803,82.36,83,100,9.22,MH,1715224452
324,hobyo,5.3505,48.5268,83.7,79,9,10.56,SO,1715224452
325,fisterra,42.9049,-9.2629,53.74,75,100,5.41,ES,1715224452
326,tucurui,-3.7661,-49.6725,74.64,93,47,2.62,BR,1715224362
327,phan thiet,10.9333,108.1,91.24,55,18,15.88,VN,1715224452
328,trenton,40.217,-74.7429,77.18,50,0,8.05,US,1715224453
329,tuy hoa,13.0833,109.3,86.99,67,72,9.55,VN,1715224453
330,khandyga,62.6667,135.6,41.31,71,100,7.16,RU,1715224453
331,kyshtovka,56.555,76.6271,54.34,53,100,14.0,RU,1715224453
332,obidos,-1.9175,-55.5181,76.48,92,97,3.38,BR,1715224453
333,chimore,-16.9833,-65.1333,74.53,99,100,1.97,BO,1715224276
334,harstad,68.799,16.5293,39.15,97,100,17.0,NO,1715224453
335,klaksvik,62.2266,-6.589,41.92,80,100,16.55,FO,1715224453
336,chinde,26.8418,88.0763,68.31,44,50,5.32,NP,1715224453
337,ponta delgada,37.7333,-25.6667,65.19,82,20,5.75,PT,1715224167
338,guatire,10.4762,-66.5427,74.62,94,100,1.88,VE,1715224454
339,kaihua,23.3687,104.28,67.46,79,100,6.62,CN,1715224454
340,happy valley-goose bay,53.3168,-60.3315,31.46,90,100,7.4,CA,1715224454
341,veseloyarsk,51.2836,81.1056,66.29,39,40,10.02,RU,1715224454
342,zhaotong,27.3167,103.7167,61.5,75,100,4.41,CN,1715224454
343,tan-tan,28.438,-11.1032,66.11,60,92,3.76,MA,1715224454
344,acapulco de juarez,16.8634,-99.8901,78.62,83,40,11.5,MX,1715224454
345,calca,-13.3333,-71.95,54.75,87,42,5.79,PE,1715224455
346,colusa,39.2143,-122.0094,73.42,27,0,16.6,US,1715224455
347,eureka,40.8021,-124.1637,56.62,80,0,5.99,US,1715224455
348,phongsali,21.6833,102.1058,80.19,56,96,1.23,LA,1715224455
349,korhogo,9.45,-5.6333,76.39,81,47,1.66,CI,1715224455
350,lichuan,30.3,108.85,62.17,72,100,4.16,CN,1715224455
351,el calafate,-50.3408,-72.2768,31.55,76,100,1.63,AR,1715224443
352,sao tome,0.3365,6.7273,81.36,85,96,7.45,ST,1715224456
353,merritt,50.1123,-120.7942,57.72,49,8,3.27,CA,1715224456
354,saynshand,44.8824,110.1163,70.0,18,98,12.26,MN,1715224456
355,yashkul',46.1711,45.3435,49.15,45,9,4.76,RU,1715224456
356,la ronge,55.1001,-105.2842,53.15,62,86,7.09,CA,1715224204
357,kamina,-8.7386,24.9906,63.95,71,98,4.29,CD,1715224456
358,lagos de moreno,21.35,-101.9167,77.99,14,84,8.48,MX,1715224456
359,cascais,38.6979,-9.4215,70.05,50,100,4.0,PT,1715224453
360,siloam springs,36.1881,-94.5405,65.75,100,0,4.61,US,1715224303
361,quellon,-43.1167,-73.6167,46.49,88,100,3.8,CL,1715224377
362,wakkanai,45.4094,141.6739,44.19,69,7,20.76,JP,1715224457
363,dunedin,-45.8742,170.5036,52.81,39,2,4.0,NZ,1715224457
364,revda,56.801,59.9303,38.66,82,100,11.77,RU,1715224457
365,bargaal,11.2864,51.0773,83.19,79,78,7.7,SO,1715224457
366,belaya kholunitsa,58.84,50.8528,26.85,85,100,11.3,RU,1715224457
367,betio village,1.358,172.9211,84.06,74,57,10.4,KI,1715224457
368,marion,39.7684,-86.1555,70.5,83,100,17.27,US,1715224458
369,colchani,-20.3,-66.9333,47.7,32,1,3.94,BO,1715224458
370,san antonio de pale,-1.4014,5.6325,80.37,88,13,10.96,GQ,1715224458
371,fort knox,37.8911,-85.9636,65.35,87,40,4.61,US,1715224458
372,islamkot,24.6997,70.177,89.31,42,0,13.22,PK,1715224458
373,machico,32.7,-16.7667,67.71,78,20,2.3,PT,1715224458
374,vadso,70.0744,29.7487,25.68,80,75,2.3,NO,1715224458
375,dame-marie,18.5667,-74.4167,79.39,85,83,8.68,HT,1715224458
376,nacajuca,18.1333,-93.0167,90.01,56,95,4.12,MX,1715224459
377,umm kaddadah,13.6017,26.6876,76.17,17,100,10.18,SD,1715224459
378,ulladulla,-35.35,150.4667,62.82,80,94,4.34,AU,1715224459
379,tromso,69.6496,18.957,39.22,52,40,11.5,NO,1715224459
380,constantia,44.1833,28.65,52.7,82,84,14.94,RO,1715224445
381,kidal,18.4411,1.4078,88.57,10,3,11.48,ML,1715224459
382,urrao,6.3152,-76.1342,60.84,98,100,0.25,CO,1715224459
383,plakhtiyivka,46.1006,29.7217,50.38,61,92,8.55,UA,1715224221
384,levuka,50.1834,-105.4011,57.11,64,97,6.04,CA,1715224460
385,vallenar,-28.5708,-70.7581,59.4,40,27,1.19,CL,1715224460
386,saint-felicien,48.6501,-72.4491,42.19,75,96,5.82,CA,1715224460
387,bahir dar,11.5936,37.3908,72.48,30,43,3.62,ET,1715224171
388,gisborne,-38.6533,178.0042,52.54,78,100,24.9,NZ,1715224460
389,nouadhibou,20.931,-17.0347,64.72,89,94,16.93,MR,1715224460
390,sabha,27.0377,14.4283,72.37,30,22,20.54,LY,1715224461
391,berezovyy,51.6667,135.7,55.44,28,73,18.45,RU,1715224461
392,yerofey pavlovich,53.9667,121.9667,54.32,22,9,4.99,RU,1715224461
393,soni,-4.85,38.3667,62.38,93,100,3.2,TZ,1715224461
394,el porvenir,13.7617,-87.3458,83.53,81,79,2.91,HN,1715224461
395,sakakah,29.9697,40.2064,65.77,25,29,8.25,SA,1715224461
396,tadine,-21.55,167.8833,73.36,61,13,18.97,NC,1715224461
397,tateyama,34.9833,139.8667,56.52,70,99,18.34,JP,1715224461
398,vilyuchinsk,52.9306,158.4028,50.27,76,96,13.44,RU,1715224462
399,mana,5.6592,-53.7767,79.66,86,100,10.47,GF,1715224462
400,cheyyur,12.3495,80.003,86.36,66,52,10.27,IN,1715224462
401,moirang,24.5,93.7667,75.25,45,1,2.15,IN,1715224462
402,kashgar,39.4547,75.9797,80.2,14,4,3.51,CN,1715224462
403,urangan,-25.3,152.9,75.2,72,85,8.99,AU,1715224462
404,siwa oasis,29.2041,25.5195,72.07,19,0,12.35,EG,1715224462
405,saint-philippe,-21.3585,55.7679,74.79,77,56,16.58,RE,1715224462
406,saurimo,-9.6608,20.3916,66.7,67,67,5.3,AO,1715224463
407,williams lake,52.1415,-122.1445,57.7,46,37,4.09,CA,1715224463
408,fallon,39.4735,-118.7774,55.27,33,40,16.11,US,1715224463
409,noumea,-22.2763,166.4572,75.18,64,49,18.45,NC,1715224463
410,san luis,-33.295,-66.3356,44.19,31,0,10.6,AR,1715224434
411,sisimiut,66.9395,-53.6735,21.85,83,29,8.03,GL,1715224463
412,weno,7.4515,151.8468,76.95,100,100,4.61,FM,1715224463
413,barddhaman,23.25,87.85,87.06,59,51,6.89,IN,1715224463
414,novogrudok,53.6,25.8333,34.39,63,89,8.5,BY,1715224464
415,kamaishi,39.2667,141.8833,49.21,72,97,4.27,JP,1715224464
416,kailua-kona,19.6406,-155.9956,80.56,78,0,9.22,US,1715224464
417,santa catarina juquila,16.2333,-97.3,64.38,61,41,2.48,MX,1715224464
418,ibb,13.9667,44.1833,66.11,74,60,2.42,YE,1715224290
419,sao vicente,-23.9631,-46.3919,85.26,26,50,6.22,BR,1715224214
420,shache,38.4167,77.2406,81.07,15,56,7.58,CN,1715224464
421,yenicaga,40.7711,32.0337,50.02,71,100,4.7,TR,1715224464
422,kirkland lake,48.1446,-80.0377,40.57,76,34,7.31,CA,1715224465
423,kristiansund,63.1115,7.732,47.05,81,100,4.61,NO,1715224465
424,san martin,-33.081,-68.4681,46.8,29,0,7.96,AR,1715224281
425,nuuk,64.1835,-51.7216,34.41,69,100,9.22,GL,1715224465
426,usinsk,65.9939,57.5281,31.06,89,100,5.99,RU,1715224364
427,dwarka,22.2394,68.9678,82.62,78,0,10.78,IN,1715224465
428,ganshui,28.7422,106.7111,74.64,64,100,0.76,CN,1715224465
429,canyon,34.9803,-101.9188,71.69,18,1,10.69,US,1715224466
430,huittinen,61.1833,22.7,30.24,59,93,3.02,FI,1715224466
431,mantua,45.1667,10.7833,61.84,90,100,1.01,IT,1715224466
432,torghay,49.6339,63.4981,63.59,57,3,19.82,KZ,1715224466
433,tanumah,27.1,44.1333,70.77,19,2,9.6,SA,1715224466
434,carnarvon,-24.8667,113.6333,77.2,42,100,6.49,AU,1715224186
435,mondovi,44.396,7.8176,56.32,86,97,1.95,IT,1715224466
436,bay roberts,47.5999,-53.2648,42.3,92,70,1.99,CA,1715224466
437,uturoa,-16.7333,-151.4333,82.0,76,100,11.1,PF,1715224467
438,chokwe,-24.5333,32.9833,63.21,95,0,2.3,MZ,1715224467
439,namibe,-15.1961,12.1522,74.01,66,8,7.11,AO,1715224467
440,ankang,32.68,109.0172,65.84,91,100,1.66,CN,1715224467
441,kuju,23.7167,85.5,79.54,54,59,5.21,IN,1715224467
442,kerikeri,-35.2268,173.9474,63.0,48,60,5.79,NZ,1715224467
443,latakia,35.5148,35.7768,65.62,47,48,9.93,SY,1715224467
444,freetown,8.484,-13.2299,80.17,86,100,5.86,SL,1715224467
445,oroqen zizhiqi,50.5667,123.7167,58.98,17,6,9.6,CN,1715224468
446,lahij,13.1667,44.5833,80.33,73,94,3.47,YE,1715224468
447,hastings,50.8552,0.5729,50.52,85,100,3.65,GB,1715224220
448,deniliquin,-35.5333,144.9667,65.8,57,93,6.71,AU,1715224468
449,bel ombre,-4.6167,55.4167,83.7,72,83,5.32,SC,1715224468
450,ambo,-10.1308,-76.2047,62.73,89,70,3.09,PE,1715224468
451,brookings,44.3114,-96.7984,56.37,73,20,11.5,US,1715224468
452,caleta de carquin,-11.0925,-77.6267,67.03,90,95,3.83,PE,1715224469
453,pemangkat,1.1667,108.9667,80.94,80,99,5.5,ID,1715224469
454,port lincoln,-34.7333,135.8667,63.1,66,6,10.78,AU,1715224227
455,licata,37.1071,13.9461,59.23,91,100,8.88,IT,1715224469
456,son tay,21.1378,105.505,76.93,72,100,7.67,VN,1715224469
457,shakawe,-18.3667,21.85,60.53,42,2,4.38,BW,1715224469
458,malpica,43.3228,-8.8105,58.33,60,100,4.56,ES,1715224469
459,bhamo,24.2667,97.2333,72.73,86,100,1.88,MM,1715224469
460,nassau,40.7507,-73.5829,77.05,49,0,6.91,US,1715224470
461,swakopmund,-22.6833,14.5333,58.98,85,91,8.05,NA,1715224470
462,kharp,66.8014,65.8081,20.71,90,100,19.84,RU,1715224470
463,udachny,66.4167,112.4,19.45,89,82,14.45,RU,1715224227
464,hasaki,35.7333,140.8333,57.6,76,100,25.28,JP,1715224470
465,kisangani,0.5167,25.2,72.43,99,96,2.21,CD,1715224327
466,balqash,46.8481,74.995,64.99,48,0,17.9,KZ,1715224470
467,sianow,54.2265,16.2913,44.96,71,58,4.09,PL,1715224470
468,were ilu,10.6,39.4333,53.17,85,28,4.72,ET,1715224471
469,mochudi,-24.4167,26.15,58.21,39,0,6.26,BW,1715224471
470,newport,51.5877,-2.9984,55.51,86,44,4.63,GB,1715224471
471,kulhudhuffushi,6.6221,73.07,85.51,74,99,8.32,MV,1715224471
472,ustka,54.5805,16.8619,37.65,67,69,6.53,PL,1715224471
473,moose jaw,50.4001,-105.5344,56.3,61,36,5.48,CA,1715224471
474,ostersund,63.1792,14.6357,37.85,87,75,8.01,SE,1715224310
475,scarborough,54.2797,-0.4044,53.17,86,100,1.01,GB,1715224278
476,plan de ayala,28.5694,-111.5588,72.1,54,0,6.69,MX,1715224472
477,figuig (centre),32.1089,-1.2286,66.61,17,2,5.03,MA,1715224472
478,portage la prairie,49.9728,-98.2926,58.89,45,11,8.75,CA,1715224472
479,nagqu,31.5,92.0,43.05,40,100,11.1,CN,1715224472
480,island harbour,50.724,-1.2758,49.21,24,99,3.94,GB,1715224472
481,nogliki,51.8333,143.1667,49.33,47,19,11.01,RU,1715224210
482,burang,30.25,81.1667,44.01,28,6,4.7,CN,1715224473
483,jayapura,-2.5333,140.7,79.99,89,100,1.41,ID,1715224473
484,ipora,-16.4419,-51.1178,69.08,68,5,3.11,BR,1715224473
485,guane,22.2025,-84.0875,77.52,89,60,4.23,CU,1715224473
486,odda,60.0691,6.5457,50.77,93,100,7.09,NO,1715224473
487,harrisburg,40.2737,-76.8844,71.74,61,0,6.91,US,1715224278
488,aiquile,-18.2041,-65.1807,58.33,97,0,4.27,BO,1715224276
489,novo aripuana,-5.1206,-60.3797,76.59,90,99,2.86,BR,1715224474
490,slavyanka,42.8633,131.3847,59.31,55,67,8.03,RU,1715224474
491,las lajitas,-24.6833,-64.25,58.8,62,100,6.91,AR,1715224365
492,mossoro,-5.1875,-37.3442,74.71,90,15,5.06,BR,1715224264
493,okha,53.5739,142.9478,44.26,57,100,21.0,RU,1715224474
494,aldan,58.6031,125.3894,31.44,80,100,9.37,RU,1715224475
495,inarajan village,13.2736,144.7484,88.39,90,100,13.82,GU,1715224475
496,luau,-10.7073,22.2247,67.08,71,93,3.27,AO,1715224475
497,keflavik,64.0049,-22.5624,36.03,75,20,2.3,IS,1715224475
498,akureyri,65.6835,-18.0878,37.0,68,1,5.66,IS,1715224333
499,nizhneudinsk,54.9076,99.0276,48.85,43,17,17.74,RU,1715224475
500,xining,36.6167,101.7667,69.8,38,13,3.94,CN,1715224475
501,flying fish cove,-10.4217,105.6791,83.88,78,100,12.66,CX,1715224475
502,kiknur,57.3034,47.2011,27.1,81,65,12.48,RU,1715224476
503,tulum,20.2167,-87.4667,80.42,88,74,6.6,MX,1715224361
504,karasburg,-28.0167,18.75,66.13,37,6,8.41,NA,1715224476
505,brackley,52.0333,-1.15,52.92,89,99,3.76,GB,1715224476
506,nuku'alofa,-21.1333,-175.2,79.14,69,20,11.5,TO,1715224476
507,salahonda,2.1019,-78.7217,78.39,85,100,4.85,CO,1715224476
508,miri,4.4148,114.0089,85.75,69,18,6.02,MY,1715224476
509,cambria,35.5641,-121.0808,70.54,84,0,1.01,US,1715224476
510,kifri,34.6959,44.9661,67.12,46,0,4.45,IQ,1715224476
511,rio branco,-9.9747,-67.81,77.61,94,0,0.0,BR,1715224219
512,remire-montjoly,4.9167,-52.2667,78.84,94,75,5.75,GF,1715224477
513,debre tabor,11.85,38.0167,60.28,50,61,1.99,ET,1715224477
514,colonia,50.9333,6.95,50.97,91,4,2.3,DE,1715224379
515,alo,7.4178,6.7371,81.18,80,100,5.86,NG,1715224477
516,malango,-2.9627,119.9001,76.48,86,55,3.8,ID,1715224477
517,el granada,37.5027,-122.4694,76.89,49,0,10.36,US,1715224477
518,zhigalovo,54.8097,105.1578,44.67,87,100,11.52,RU,1715224478
519,carmi,38.0909,-88.1587,64.49,94,0,9.22,US,1715224478
520,neftcala,39.3742,49.2472,56.48,75,85,4.99,AZ,1715224478
521,tuskegee,32.424,-85.6916,79.14,100,52,5.01,US,1715224407
522,fonte boa,-2.4959,-66.2662,76.1,99,94,2.77,BR,1715224478
523,ribera,37.4984,13.2642,54.64,93,100,7.81,IT,1715224478
524,jiuquan,39.7432,98.5174,73.11,24,97,12.21,CN,1715224478
525,shizunai-furukawacho,42.3339,142.3669,44.74,76,82,9.01,JP,1715224416
526,alesund,62.4723,6.1549,54.34,76,75,8.05,NO,1715224479
527,krasnokamsk,58.0802,55.7541,32.16,77,100,9.84,RU,1715224479
528,lebanon,36.2081,-86.2911,69.85,90,100,8.05,US,1715224382
529,cururupu,-1.8283,-44.8683,75.02,99,92,1.03,BR,1715224439
530,fada,9.5667,8.3,75.56,74,100,3.15,NG,1715224479
531,huarmey,-10.0681,-78.1522,67.26,90,80,5.28,PE,1715224479
532,al jumum,21.6169,39.6981,78.67,44,0,2.59,SA,1715224479
533,greenville,35.6127,-77.3663,73.56,75,0,5.75,US,1715224191
534,pavilosta,56.8879,21.1859,40.91,92,100,9.06,LV,1715224480
535,miquelon,47.0975,-56.3814,39.2,91,77,9.01,PM,1715224480
536,kem',64.9555,34.5793,20.61,92,16,12.57,RU,1715224480
537,tangalle,6.024,80.7911,82.56,86,100,4.25,LK,1715224480
538,plastun,44.7561,136.2939,60.71,45,83,2.08,RU,1715224480
539,ezhva,61.8128,50.7283,26.94,86,75,13.42,RU,1715224480
540,gazli,40.1333,63.45,73.54,36,100,15.39,UZ,1715224480
541,antofagasta,-23.65,-70.4,61.63,86,95,7.67,CL,1715224314
542,kloulklubed,7.0419,134.2556,86.5,72,26,8.79,PW,1715224481
543,xiaoweizhai,26.1903,107.5125,64.6,92,100,1.34,CN,1715224481
544,la passe,45.5549,-0.8967,53.83,91,32,10.83,FR,1715224481
545,cova figueira,14.8905,-24.2934,68.41,61,3,7.47,CV,1715224481
546,kiruna,67.8557,20.2251,29.32,80,100,9.22,SE,1715224481
547,ca mau,9.1769,105.15,93.49,50,79,13.85,VN,1715224321
548,kuvshinovo,57.0295,34.1725,25.14,67,57,10.42,RU,1715224481
549,toamasina,-18.1667,49.3833,73.99,80,83,8.19,MG,1715224482
550,korpilahti,62.0167,25.55,30.74,61,41,2.59,FI,1715224482
551,podujeva,42.9106,21.1931,58.39,98,100,5.12,XK,1715224482
552,grand falls-windsor,48.9332,-55.6649,42.51,83,90,6.58,CA,1715224482
553,valparaiso,-33.0393,-71.6273,57.99,58,0,2.3,CL,1715224292
554,la ligua,-32.4524,-71.2311,54.86,57,0,0.72,CL,1715224440
555,guaraciaba do norte,-4.1669,-40.7475,66.54,88,97,1.68,BR,1715224483
556,tai'an,36.1853,117.12,77.63,25,10,13.38,CN,1715224483
557,la sierpe,2.8518,-77.6155,75.16,94,99,1.72,CO,1715224483
558,kitimat,54.0524,-128.6534,53.69,68,97,5.01,CA,1715224483
559,mahdia,35.5047,11.0622,58.95,70,8,12.93,TN,1715224483
560,weligama,5.9667,80.4167,79.3,89,100,3.36,LK,1715224483
561,calama,-22.4667,-68.9333,60.03,17,22,8.88,CL,1715224483
562,pukchil-lodongjagu,40.2019,125.7483,63.07,47,36,5.37,KP,1715224484
563,sao pedro do piaui,-5.9294,-42.7186,77.32,73,100,2.75,BR,1715224484
564,balkanabat,39.5108,54.3671,63.59,46,14,2.26,TM,1715224484
565,mahanoro,-19.9,48.8,69.6,91,29,6.04,MG,1715224484
566,murun-kuren,49.6342,100.1625,59.4,35,70,15.88,MN,1715224484
567,burao,9.5221,45.5336,74.16,76,83,7.87,SO,1715224484
568,kolonia,50.9333,6.95,50.97,91,4,2.3,DE,1715224379
569,jagatsinghapur,20.2667,86.1667,84.13,61,14,10.36,IN,1715224485
